survey_id,unique_users,total_answers,sum_optimized,ratio_optimized,sum_optimized_percentage,ratio_optimized_percentage,sum_count,ratio_count,equal_count,sum_percentage,ratio_percentage,equal_percentage
1,14,140,45,95,32.142857142857146,67.85714285714286,2,11,1,14.285714285714285,78.57142857142857,7.142857142857142
2,3,30,22,8,73.33333333333333,26.666666666666668,2,1,0,66.66666666666666,33.33333333333333,0.0
Total,17,170,67,103,39.411764705882355,60.588235294117645,4,12,1,23.529411764705884,70.58823529411765,5.882352941176471
