survey_id,unique_users,total_answers,sum_optimized,ratio_optimized,sum_optimized_percentage,ratio_optimized_percentage,sum_count,ratio_count,equal_count,sum_percentage,ratio_percentage,equal_percentage
1,13,130,37,93,28.46153846153846,71.53846153846153,1,11,1,7.6923076923076925,84.61538461538461,7.6923076923076925
2,3,30,22,8,73.33333333333333,26.666666666666668,2,1,0,66.66666666666666,33.33333333333333,0.0
Total,16,160,59,101,36.875,63.125,3,12,1,18.75,75.0,6.25
