survey_id,unique_users,total_answers,sum_optimized,ratio_optimized,sum_optimized_percentage,ratio_optimized_percentage,sum_count,ratio_count,equal_count,sum_percentage,ratio_percentage,equal_percentage
1,9,90,24,66,26.666666666666668,73.33333333333333,1,7,1,11.11111111111111,77.77777777777779,11.11111111111111
2,3,30,22,8,73.33333333333333,26.666666666666668,2,1,0,66.66666666666666,33.33333333333333,0.0
Total,12,120,46,74,38.333333333333336,61.66666666666667,3,8,1,25.0,66.66666666666667,8.333333333333334
